https://github.com/spring-projects/spring-authorization-server,spring-projects,spring-authorization-server
https://github.com/spring-projects/spring-kafka,spring-projects,spring-kafka
https://github.com/spring-projects/spring-graphql,spring-projects,spring-graphql
https://github.com/spring-projects/spring-data-r2dbc,spring-projects,spring-data-r2dbc
https://github.com/spring-projects/spring-security-samples,spring-projects,spring-security-samples
https://github.com/spring-projects/spring-session-data-geode,spring-projects,spring-session-data-geode
https://github.com/spring-projects/spring-boot-data-geode,spring-projects,spring-boot-data-geode
https://github.com/spring-projects/spring-security-oauth2-boot,spring-projects,spring-security-oauth2-boot
https://github.com/spring-projects/spring-hateoas-examples,spring-projects,spring-hateoas-examples
https://github.com/spring-projects/spring-analytics,spring-projects,spring-analytics
https://github.com/spring-projects/spring-integration-templates,spring-projects,spring-integration-templates
https://github.com/spring-projects/insight-plugin-mongodb,spring-projects,insight-plugin-mongodb
https://github.com/apache/incubator-wayang,apache,incubator-wayang
https://github.com/apache/iceberg,apache,iceberg
https://github.com/apache/gobblin,apache,gobblin
https://github.com/apache/pinot,apache,pinot
https://github.com/apache/qpid-protonj2,apache,qpid-protonj2
https://github.com/apache/accumulo-testing,apache,accumulo-testing
https://github.com/apache/sling-org-apache-sling-commons-messaging-mail,apache,sling-org-apache-sling-commons-messaging-mail
https://github.com/apache/hudi,apache,hudi
https://github.com/apache/sling-org-apache-sling-commons-clam,apache,sling-org-apache-sling-commons-clam
https://github.com/apache/calcite-avatica,apache,calcite-avatica
https://github.com/apache/incubator-hop,apache,incubator-hop
https://github.com/apache/incubator-streampipes-extensions,apache,incubator-streampipes-extensions
https://github.com/apache/sling-org-apache-sling-commons-content-processing,apache,sling-org-apache-sling-commons-content-processing
https://github.com/apache/sling-org-apache-sling-commons-content-analyzing,apache,sling-org-apache-sling-commons-content-analyzing
https://github.com/apache/sling-org-apache-sling-commons-messaging,apache,sling-org-apache-sling-commons-messaging
https://github.com/apache/druid,apache,druid
https://github.com/apache/solr,apache,solr
https://github.com/apache/ozone,apache,ozone
https://github.com/apache/myfaces-tobago,apache,myfaces-tobago
https://github.com/apache/dubbo,apache,dubbo
https://github.com/apache/netbeans,apache,netbeans
https://github.com/apache/iotdb,apache,iotdb
https://github.com/apache/maven-antrun-plugin,apache,maven-antrun-plugin
https://github.com/apache/systemds,apache,systemds
https://github.com/apache/ignite-extensions,apache,ignite-extensions
https://github.com/apache/incubator-doris,apache,incubator-doris
https://github.com/apache/camel-quarkus,apache,camel-quarkus
https://github.com/apache/shardingsphere,apache,shardingsphere
https://github.com/apache/incubator-inlong,apache,incubator-inlong
https://github.com/apache/camel-performance-tests,apache,camel-performance-tests
https://github.com/apache/sling-org-apache-sling-commons-crypto,apache,sling-org-apache-sling-commons-crypto
https://github.com/apache/incubator-streampipes,apache,incubator-streampipes
https://github.com/apache/dolphinscheduler,apache,dolphinscheduler
https://github.com/apache/incubator-inlong,apache,incubator-inlong
https://github.com/apache/camel-performance-tests,apache,camel-performance-tests
https://github.com/apache/camel-quarkus-examples,apache,camel-quarkus-examples
https://github.com/apache/sling-org-apache-sling-commons-crypto,apache,sling-org-apache-sling-commons-crypto
https://github.com/apache/incubator-eventmesh,apache,incubator-eventmesh
https://github.com/apache/camel-kamelets,apache,camel-kamelets
https://github.com/apache/felix-dev,apache,felix-dev
https://github.com/apache/incubator-shenyu,apache,incubator-shenyu
https://github.com/apache/maven-jar-plugin,apache,maven-jar-plugin
https://github.com/apache/camel-spring-boot,apache,camel-spring-boot
https://github.com/apache/apisix-java-plugin-runner,apache,apisix-java-plugin-runner
https://github.com/apache/dubbo-admin,apache,dubbo-admin
https://github.com/apache/airavata-data-lake,apache,airavata-data-lake
https://github.com/apache/commons-release-plugin,apache,commons-release-plugin
https://github.com/apache/ignite-3,apache,ignite-3
https://github.com/apache/ofbiz-framework,apache,ofbiz-framework
https://github.com/apache/submarine,apache,submarine
https://github.com/apache/asterixdb-clients,apache,asterixdb-clients
https://github.com/apache/cordova-plugin-splashscreen,apache,cordova-plugin-splashscreen
https://github.com/apache/jackrabbit-filevault-package-maven-plugin,apache,jackrabbit-filevault-package-maven-plugin
https://github.com/apache/unomi,apache,unomi
https://github.com/apache/incubator-nemo,apache,incubator-nemo
https://github.com/apache/turbine-fulcrum-security,apache,turbine-fulcrum-security
https://github.com/apache/camel-karaf,apache,camel-karaf
https://github.com/apache/dubbo-spi-extensions,apache,dubbo-spi-extensions
https://github.com/apache/incubator-sedona,apache,incubator-sedona
https://github.com/apache/ratis,apache,ratis
https://github.com/apache/fineract-cn-accounting,apache,fineract-cn-accounting
https://github.com/apache/skywalking-java,apache,skywalking-java
https://github.com/apache/httpcomponents-client,apache,httpcomponents-client
https://github.com/apache/axis-axis2-java-core,apache,axis-axis2-java-core
https://github.com/apache/httpcomponents-core,apache,httpcomponents-core
https://github.com/apache/ofbiz-plugins,apache,ofbiz-plugins
https://github.com/apache/maven-dependency-plugin,apache,maven-dependency-plugin
https://github.com/apache/commons-statistics,apache,commons-statistics
https://github.com/apache/camel-kameleon,apache,camel-kameleon
https://github.com/apache/maven-help-plugin,apache,maven-help-plugin
https://github.com/apache/plc4x,apache,plc4x
https://github.com/apache/incubator-datalab,apache,incubator-datalab
https://github.com/apache/camel-k-runtime,apache,camel-k-runtime
https://github.com/apache/flink-ml,apache,flink-ml
https://github.com/apache/rocketmq-streams,apache,rocketmq-streams
https://github.com/apache/geode-benchmarks,apache,geode-benchmarks
https://github.com/apache/servicecomb-java-chassis,apache,servicecomb-java-chassis
https://github.com/apache/openwebbeans-meecrowave,apache,openwebbeans-meecrowave
https://github.com/apache/maven-artifact-plugin,apache,maven-artifact-plugin
https://github.com/apache/maven-assembly-plugin,apache,maven-assembly-plugin
https://github.com/apache/maven-linkcheck-plugin,apache,maven-linkcheck-plugin
https://github.com/apache/maven-changelog-plugin,apache,maven-changelog-plugin
https://github.com/apache/sling-org-apache-sling-starter,apache,sling-org-apache-sling-starter
https://github.com/apache/sling-org-apache-sling-pipes,apache,sling-org-apache-sling-pipes
https://github.com/apache/flink-benchmarks,apache,flink-benchmarks
https://github.com/apache/camel-kafka-connector,apache,camel-kafka-connector
https://github.com/apache/maven-doap-plugin,apache,maven-doap-plugin
https://github.com/apache/turbine-fulcrum-yaafi,apache,turbine-fulcrum-yaafi
https://github.com/apache/rocketmq-externals,apache,rocketmq-externals
https://github.com/apache/flink-statefun,apache,flink-statefun
https://github.com/apache/maven-filtering,apache,maven-filtering
https://github.com/apache/maven-remote-resources-plugin,apache,maven-remote-resources-plugin
https://github.com/apache/sling-org-apache-sling-feature-cpconverter,apache,sling-org-apache-sling-feature-cpconverter
https://github.com/apache/xmlgraphics-fop,apache,xmlgraphics-fop
https://github.com/apache/atlas,apache,atlas
https://github.com/apache/phoenix-connectors,apache,phoenix-connectors
https://github.com/apache/hbase-operator-tools,apache,hbase-operator-tools
https://github.com/apache/maven-docck-plugin,apache,maven-docck-plugin
https://github.com/apache/sling-org-apache-sling-commons-log,apache,sling-org-apache-sling-commons-log
https://github.com/apache/shardingsphere-elasticjob,apache,shardingsphere-elasticjob
https://github.com/apache/sling-org-apache-sling-servlets-resolver,apache,sling-org-apache-sling-servlets-resolver
https://github.com/apache/maven-resources-plugin,apache,maven-resources-plugin
https://github.com/apache/maven-clean-plugin,apache,maven-clean-plugin
https://github.com/apache/rocketmq-flink,apache,rocketmq-flink
https://github.com/apache/dubbo-samples,apache,dubbo-samples
https://github.com/apache/rocketmq-dashboard,apache,rocketmq-dashboard
https://github.com/apache/skywalking-agent-test-tool,apache,skywalking-agent-test-tool
https://github.com/apache/iotdb-web-workbench,apache,iotdb-web-workbench
https://github.com/apache/db-jdo,apache,db-jdo
https://github.com/apache/santuario-xml-security-java,apache,santuario-xml-security-java
https://github.com/apache/commons-geometry,apache,commons-geometry
https://github.com/apache/freemarker-generator,apache,freemarker-generator
https://github.com/apache/incubator-nlpcraft,apache,incubator-nlpcraft
https://github.com/apache/qpid-broker-j,apache,qpid-broker-j
https://github.com/apache/isis-app-demo,apache,isis-app-demo
https://github.com/apache/sling-org-apache-sling-scripting-core,apache,sling-org-apache-sling-scripting-core
https://github.com/apache/hbase-filesystem,apache,hbase-filesystem
https://github.com/apache/bahir-flink,apache,bahir-flink
https://github.com/apache/maven-install-plugin,apache,maven-install-plugin
https://github.com/apache/maven-resolver,apache,maven-resolver
https://github.com/apache/myfaces-build-tools,apache,myfaces-build-tools
https://github.com/apache/cassandra-in-jvm-dtest-api,apache,cassandra-in-jvm-dtest-api
https://github.com/apache/uima-async-scaleout,apache,uima-async-scaleout
https://github.com/apache/ws-wss4j,apache,ws-wss4j
https://github.com/apache/maven-stage-plugin,apache,maven-stage-plugin
https://github.com/apache/commons-rng,apache,commons-rng
https://github.com/apache/sling-org-apache-sling-xss,apache,sling-org-apache-sling-xss
https://github.com/apache/datasketches-java,apache,datasketches-java
https://github.com/apache/maven-resolver-ant-tasks,apache,maven-resolver-ant-tasks
https://github.com/apache/maven-invoker-plugin,apache,maven-invoker-plugin
https://github.com/apache/maven-javadoc-plugin,apache,maven-javadoc-plugin
https://github.com/apache/ignite-teamcity-bot,apache,ignite-teamcity-bot
https://github.com/apache/maven-jlink-plugin,apache,maven-jlink-plugin
https://github.com/apache/maven-pdf-plugin,apache,maven-pdf-plugin
https://github.com/apache/sling-org-apache-sling-committer-cli,apache,sling-org-apache-sling-committer-cli
https://github.com/apache/phoenix-omid,apache,phoenix-omid
https://github.com/apache/sling-htl-maven-plugin,apache,sling-htl-maven-plugin
https://github.com/apache/camel-kafka-connector-examples,apache,camel-kafka-connector-examples
https://github.com/apache/camel-spring-boot-examples,apache,camel-spring-boot-examples
https://github.com/apache/flink-training,apache,flink-training
https://github.com/apache/tomee-jakarta,apache,tomee-jakarta
https://github.com/apache/tomee-site-generator,apache,tomee-site-generator
https://github.com/apache/rocketmq-exporter,apache,rocketmq-exporter
https://github.com/apache/ws-axiom,apache,ws-axiom
https://github.com/apache/maven-dependency-analyzer,apache,maven-dependency-analyzer
https://github.com/apache/cassandra-sidecar,apache,cassandra-sidecar
https://github.com/apache/cassandra-harry,apache,cassandra-harry
https://github.com/apache/sling-org-apache-sling-repoinit-parser,apache,sling-org-apache-sling-repoinit-parser
https://github.com/apache/directory-ldap-api,apache,directory-ldap-api
https://github.com/apache/rocketmq-spring,apache,rocketmq-spring
https://github.com/apache/sling-org-apache-sling-javax-activation,apache,sling-org-apache-sling-javax-activation
https://github.com/apache/sling-org-apache-sling-api,apache,sling-org-apache-sling-api
https://github.com/apache/maven-invoker,apache,maven-invoker
https://github.com/apache/maven-script-interpreter,apache,maven-script-interpreter
https://github.com/apache/sling-org-apache-sling-feature-analyser,apache,sling-org-apache-sling-feature-analyser
https://github.com/apache/plc4x-build-tools,apache,plc4x-build-tools
https://github.com/apache/sling-org-apache-sling-security,apache,sling-org-apache-sling-security
https://github.com/apache/maven-pmd-plugin,apache,maven-pmd-plugin
https://github.com/apache/sling-org-apache-sling-engine,apache,sling-org-apache-sling-engine
https://github.com/apache/sling-org-apache-sling-sitemap,apache,sling-org-apache-sling-sitemap
https://github.com/apache/maven-gpg-plugin,apache,maven-gpg-plugin
https://github.com/apache/karaf-decanter,apache,karaf-decanter
https://github.com/apache/axis-axis2-java-rampart,apache,axis-axis2-java-rampart
https://github.com/apache/maven-artifact-transfer,apache,maven-artifact-transfer
https://github.com/apache/sling-org-apache-sling-feature-launcher,apache,sling-org-apache-sling-feature-launcher
https://github.com/apache/sling-org-apache-sling-testing-clients,apache,sling-org-apache-sling-testing-clients
https://github.com/apache/cassandra-diff,apache,cassandra-diff
https://github.com/apache/netbeans-jackpot30,apache,netbeans-jackpot30
https://github.com/apache/pulsar-manager,apache,pulsar-manager
https://github.com/apache/turbine-core,apache,turbine-core
https://github.com/apache/tomee-tck,apache,tomee-tck
https://github.com/apache/turbine-fulcrum-upload,apache,turbine-fulcrum-upload
https://github.com/apache/sling-org-apache-sling-commons-threads,apache,sling-org-apache-sling-commons-threads
https://github.com/apache/sling-org-apache-sling-scripting-bundle-tracker-it,apache,sling-org-apache-sling-scripting-bundle-tracker-it
https://github.com/apache/sling-scriptingbundle-maven-plugin,apache,sling-scriptingbundle-maven-plugin
https://github.com/apache/turbine-fulcrum-testcontainer,apache,turbine-fulcrum-testcontainer
https://github.com/apache/turbine-fulcrum-parser,apache,turbine-fulcrum-parser
https://github.com/apache/turbine-fulcrum-intake,apache,turbine-fulcrum-intake
https://github.com/apache/turbine-fulcrum-factory,apache,turbine-fulcrum-factory
https://github.com/apache/turbine-fulcrum-crypto,apache,turbine-fulcrum-crypto
https://github.com/apache/turbine-fulcrum-json,apache,turbine-fulcrum-json
https://github.com/apache/ws-xmlschema,apache,ws-xmlschema
https://github.com/apache/maven-site-plugin,apache,maven-site-plugin
https://github.com/apache/jclouds-labs-aws,apache,jclouds-labs-aws
https://github.com/apache/jclouds-labs-openstack,apache,jclouds-labs-openstack
https://github.com/apache/jclouds-labs,apache,jclouds-labs
https://github.com/apache/maven-compiler-plugin,apache,maven-compiler-plugin
https://github.com/apache/tomee-patch-plugin,apache,tomee-patch-plugin
https://github.com/apache/maven-deploy-plugin,apache,maven-deploy-plugin
https://github.com/apache/aries-cdi,apache,aries-cdi
https://github.com/apache/aries-rsa,apache,aries-rsa
https://github.com/apache/sling-whiteboard,apache,sling-whiteboard
https://github.com/apache/maven-shade-plugin,apache,maven-shade-plugin
https://github.com/apache/sling-org-apache-sling-distribution-core,apache,sling-org-apache-sling-distribution-core
https://github.com/apache/datasketches-memory,apache,datasketches-memory
https://github.com/apache/turbine-fulcrum-yaafi-crypto,apache,turbine-fulcrum-yaafi-crypto
https://github.com/apache/turbine-fulcrum-quartz,apache,turbine-fulcrum-quartz
https://github.com/apache/xmlgraphics-commons,apache,xmlgraphics-commons
https://github.com/apache/ws-neethi,apache,ws-neethi
https://github.com/apache/turbine-fulcrum-localization,apache,turbine-fulcrum-localization
https://github.com/apache/sling-org-apache-sling-discovery-commons,apache,sling-org-apache-sling-discovery-commons
https://github.com/apache/turbine-fulcrum-pool,apache,turbine-fulcrum-pool
https://github.com/apache/sling-org-apache-sling-testing-sling-mock,apache,sling-org-apache-sling-testing-sling-mock
https://github.com/apache/sling-slingfeature-maven-plugin,apache,sling-slingfeature-maven-plugin
https://github.com/apache/sling-maven-plugin,apache,sling-maven-plugin
https://github.com/apache/turbine-archetypes,apache,turbine-archetypes
https://github.com/apache/aries-typedevent,apache,aries-typedevent
https://github.com/apache/sling-org-apache-sling-resourceresolver,apache,sling-org-apache-sling-resourceresolver
https://github.com/apache/maven-ear-plugin,apache,maven-ear-plugin
https://github.com/apache/maven-war-plugin,apache,maven-war-plugin
https://github.com/apache/fineract-cn-deposit-account-management,apache,fineract-cn-deposit-account-management
https://github.com/apache/sling-org-apache-sling-karaf-launchpad-oak-tar-integration-tests,apache,sling-org-apache-sling-karaf-launchpad-oak-tar-integration-tests
https://github.com/apache/sling-org-apache-sling-karaf-integration-tests,apache,sling-org-apache-sling-karaf-integration-tests
https://github.com/apache/netbeans-mavenutils-nbm-maven-plugin,apache,netbeans-mavenutils-nbm-maven-plugin
https://github.com/apache/airavata-mft,apache,airavata-mft
https://github.com/apache/maven-doxia-converter,apache,maven-doxia-converter
https://github.com/apache/geronimo-arthur,apache,geronimo-arthur
https://github.com/apache/xmlgraphics-batik,apache,xmlgraphics-batik
https://github.com/apache/incubator-streampipes-examples,apache,incubator-streampipes-examples
https://github.com/apache/sling-org-apache-sling-testing-caconfig-mock-plugin,apache,sling-org-apache-sling-testing-caconfig-mock-plugin
https://github.com/apache/sling-org-apache-sling-feature-extension-apiregions,apache,sling-org-apache-sling-feature-extension-apiregions
https://github.com/apache/maven-checkstyle-plugin,apache,maven-checkstyle-plugin
https://github.com/apache/sling-org-apache-sling-installer-factory-configuration,apache,sling-org-apache-sling-installer-factory-configuration
https://github.com/apache/skywalking-banyandb-java-client,apache,skywalking-banyandb-java-client
https://github.com/apache/sling-org-apache-sling-testing-sling-mock-oak,apache,sling-org-apache-sling-testing-sling-mock-oak
https://github.com/apache/servicecomb-samples,apache,servicecomb-samples
https://github.com/apache/tomee-release-tools,apache,tomee-release-tools
https://github.com/apache/fineract-credit-scorecard,apache,fineract-credit-scorecard
https://github.com/apache/accumulo-examples,apache,accumulo-examples
https://github.com/apache/sling-org-apache-sling-scripting-sightly,apache,sling-org-apache-sling-scripting-sightly
https://github.com/apache/turbine-fulcrum,apache,turbine-fulcrum
https://github.com/apache/sling-org-apache-sling-testing-jcr-mock,apache,sling-org-apache-sling-testing-jcr-mock
https://github.com/apache/sling-org-apache-sling-testing-osgi-mock,apache,sling-org-apache-sling-testing-osgi-mock
https://github.com/apache/incubator-tuweni,apache,incubator-tuweni
https://github.com/apache/sling-org-apache-sling-thumbnails,apache,sling-org-apache-sling-thumbnails
https://github.com/apache/sling-org-apache-sling-discovery-oak,apache,sling-org-apache-sling-discovery-oak
https://github.com/apache/isis-app-simpleapp,apache,isis-app-simpleapp
https://github.com/apache/sling-org-apache-sling-fsresource,apache,sling-org-apache-sling-fsresource
https://github.com/apache/directory-mavibot,apache,directory-mavibot
https://github.com/apache/sling-org-apache-sling-launchpad-integration-tests,apache,sling-org-apache-sling-launchpad-integration-tests
https://github.com/apache/isis-app-helloworld,apache,isis-app-helloworld
https://github.com/apache/hbase-thirdparty,apache,hbase-thirdparty
https://github.com/apache/sling-org-apache-sling-auth-saml2,apache,sling-org-apache-sling-auth-saml2
https://github.com/apache/sling-org-apache-sling-testing-resourceresolver-mock,apache,sling-org-apache-sling-testing-resourceresolver-mock
https://github.com/apache/sling-org-apache-sling-discovery-base,apache,sling-org-apache-sling-discovery-base
https://github.com/apache/skywalking-kong,apache,skywalking-kong
https://github.com/apache/maven-shared-jar,apache,maven-shared-jar
https://github.com/apache/maven-jarsigner-plugin,apache,maven-jarsigner-plugin
https://github.com/apache/maven-scripting-plugin,apache,maven-scripting-plugin
https://github.com/apache/maven-source-plugin,apache,maven-source-plugin
https://github.com/apache/fineract-cn-mobile,apache,fineract-cn-mobile
https://github.com/apache/fineract-cn-anubis,apache,fineract-cn-anubis
https://github.com/apache/maven-archetypes,apache,maven-archetypes
https://github.com/apache/commons-graph,apache,commons-graph
https://github.com/apache/aries-jpa,apache,aries-jpa
https://github.com/apache/dubbo-spring-boot-project,apache,dubbo-spring-boot-project
https://github.com/apache/servicecomb-toolkit,apache,servicecomb-toolkit
https://github.com/apache/commons-testing,apache,commons-testing
https://github.com/apache/fineract-cn-customer,apache,fineract-cn-customer
https://github.com/apache/maven-jdeprscan-plugin,apache,maven-jdeprscan-plugin
https://github.com/apache/myfaces-trinidad,apache,myfaces-trinidad
https://github.com/apache/sling-org-apache-sling-event,apache,sling-org-apache-sling-event
https://github.com/apache/shardingsphere-ui,apache,shardingsphere-ui
https://github.com/apache/sling-org-apache-sling-scripting-sightly-testing,apache,sling-org-apache-sling-scripting-sightly-testing
https://github.com/apache/sling-org-apache-sling-commons-johnzon,apache,sling-org-apache-sling-commons-johnzon
https://github.com/apache/sling-org-apache-sling-feature,apache,sling-org-apache-sling-feature
https://github.com/apache/sling-org-apache-sling-distribution-journal,apache,sling-org-apache-sling-distribution-journal
https://github.com/apache/maven-project-info-reports-plugin,apache,maven-project-info-reports-plugin
https://github.com/apache/fineract-cn-provisioner,apache,fineract-cn-provisioner
https://github.com/apache/flink-playgrounds,apache,flink-playgrounds
https://github.com/apache/sling-org-apache-sling-scripting-sightly-runtime,apache,sling-org-apache-sling-scripting-sightly-runtime
https://github.com/apache/sling-org-apache-sling-scripting-sightly-compiler,apache,sling-org-apache-sling-scripting-sightly-compiler
https://github.com/apache/incubator-nlpcraft-java-client,apache,incubator-nlpcraft-java-client
https://github.com/apache/maven-dependency-tree,apache,maven-dependency-tree
https://github.com/apache/datasketches-server,apache,datasketches-server
https://github.com/apache/camel-k-examples,apache,camel-k-examples
https://github.com/apache/sling-org-apache-sling-installer-factory-feature,apache,sling-org-apache-sling-installer-factory-feature
https://github.com/apache/sling-org-apache-sling-installer-core,apache,sling-org-apache-sling-installer-core
https://github.com/apache/datasketches-characterization,apache,datasketches-characterization
https://github.com/apache/sling-org-apache-sling-graphql-schema-aggregator,apache,sling-org-apache-sling-graphql-schema-aggregator
https://github.com/apache/activemq-artemis-native,apache,activemq-artemis-native
https://github.com/apache/dubbo-hessian-lite,apache,dubbo-hessian-lite
https://github.com/apache/sling-org-apache-sling-junit-core,apache,sling-org-apache-sling-junit-core
https://github.com/apache/sling-org-apache-sling-graphql-core,apache,sling-org-apache-sling-graphql-core
https://github.com/apache/shardingsphere-elasticjob-ui,apache,shardingsphere-elasticjob-ui
https://github.com/apache/directory-scimple,apache,directory-scimple
https://github.com/apache/sling-org-apache-sling-junit-scriptable,apache,sling-org-apache-sling-junit-scriptable
https://github.com/apache/sling-org-apache-sling-junit-remote,apache,sling-org-apache-sling-junit-remote
https://github.com/apache/sling-org-apache-sling-junit-performance,apache,sling-org-apache-sling-junit-performance
https://github.com/apache/sling-org-apache-sling-junit-healthcheck,apache,sling-org-apache-sling-junit-healthcheck
https://github.com/apache/sling-jspc-maven-plugin,apache,sling-jspc-maven-plugin
https://github.com/apache/sling-maven-launchpad-plugin,apache,sling-maven-launchpad-plugin
https://github.com/apache/sling-org-apache-sling-validation-test-services,apache,sling-org-apache-sling-validation-test-services
https://github.com/apache/sling-org-apache-sling-validation-examples,apache,sling-org-apache-sling-validation-examples
https://github.com/apache/sling-org-apache-sling-validation-core,apache,sling-org-apache-sling-validation-core
https://github.com/apache/sling-org-apache-sling-validation-api,apache,sling-org-apache-sling-validation-api
https://github.com/apache/sling-org-apache-sling-urlrewriter,apache,sling-org-apache-sling-urlrewriter
https://github.com/apache/sling-org-apache-sling-tracer,apache,sling-org-apache-sling-tracer
https://github.com/apache/sling-org-apache-sling-tooling-support-source,apache,sling-org-apache-sling-tooling-support-source
https://github.com/apache/sling-org-apache-sling-tooling-support-install,apache,sling-org-apache-sling-tooling-support-install
https://github.com/apache/sling-org-apache-sling-testing-serversetup,apache,sling-org-apache-sling-testing-serversetup
https://github.com/apache/sling-org-apache-sling-testing-rules,apache,sling-org-apache-sling-testing-rules
https://github.com/apache/sling-org-apache-sling-servlets-post,apache,sling-org-apache-sling-servlets-post
https://github.com/apache/sling-org-apache-sling-servlets-get,apache,sling-org-apache-sling-servlets-get
https://github.com/apache/sling-org-apache-sling-testing-paxexam,apache,sling-org-apache-sling-testing-paxexam
https://github.com/apache/sling-org-apache-sling-servlets-annotations,apache,sling-org-apache-sling-servlets-annotations
https://github.com/apache/sling-org-apache-sling-servlet-helpers,apache,sling-org-apache-sling-servlet-helpers
https://github.com/apache/sling-org-apache-sling-serviceusermapper,apache,sling-org-apache-sling-serviceusermapper
https://github.com/apache/sling-org-apache-sling-testing-hamcrest,apache,sling-org-apache-sling-testing-hamcrest
https://github.com/apache/sling-org-apache-sling-testing-email,apache,sling-org-apache-sling-testing-email
https://github.com/apache/sling-taglib-archetype,apache,sling-taglib-archetype
https://github.com/apache/sling-org-apache-sling-scripting-xproc,apache,sling-org-apache-sling-scripting-xproc
https://github.com/apache/sling-org-apache-sling-jms,apache,sling-org-apache-sling-jms
https://github.com/apache/sling-slingstart-maven-plugin,apache,sling-slingstart-maven-plugin
https://github.com/apache/sling-org-apache-sling-scripting-thymeleaf,apache,sling-org-apache-sling-scripting-thymeleaf
https://github.com/apache/sling-org-apache-sling-tenant,apache,sling-org-apache-sling-tenant
https://github.com/apache/sling-org-apache-sling-scripting-spi,apache,sling-org-apache-sling-scripting-spi
https://github.com/apache/sling-org-apache-sling-tail,apache,sling-org-apache-sling-tail
https://github.com/apache/sling-org-apache-sling-superimposing,apache,sling-org-apache-sling-superimposing
https://github.com/apache/sling-servlet-archetype,apache,sling-servlet-archetype
https://github.com/apache/sling-samples,apache,sling-samples
https://github.com/apache/sling-project-archetype,apache,sling-project-archetype
https://github.com/apache/sling-org-apache-sling-distribution-it,apache,sling-org-apache-sling-distribution-it
https://github.com/apache/sling-org-apache-sling-jobs,apache,sling-org-apache-sling-jobs
https://github.com/apache/sling-org-apache-sling-commons-log-webconsole,apache,sling-org-apache-sling-commons-log-webconsole
https://github.com/apache/sling-org-apache-sling-scripting-sightly-js-provider,apache,sling-org-apache-sling-scripting-sightly-js-provider
https://github.com/apache/sling-org-apache-sling-jmx-provider,apache,sling-org-apache-sling-jmx-provider
https://github.com/apache/sling-org-apache-sling-models-validation-impl,apache,sling-org-apache-sling-models-validation-impl
https://github.com/apache/sling-org-apache-sling-scripting-console,apache,sling-org-apache-sling-scripting-console
https://github.com/apache/sling-org-apache-sling-scripting-sightly-compiler-java,apache,sling-org-apache-sling-scripting-sightly-compiler-java
https://github.com/apache/sling-org-apache-sling-distribution-avro-serializer,apache,sling-org-apache-sling-distribution-avro-serializer
https://github.com/apache/sling-org-apache-sling-models-jacksonexporter,apache,sling-org-apache-sling-models-jacksonexporter
https://github.com/apache/sling-org-apache-sling-auth-xing-oauth,apache,sling-org-apache-sling-auth-xing-oauth
https://github.com/apache/sling-org-apache-sling-jcr-webdav,apache,sling-org-apache-sling-jcr-webdav
https://github.com/apache/sling-org-apache-sling-distribution-api,apache,sling-org-apache-sling-distribution-api
https://github.com/apache/sling-org-apache-sling-models-integration-tests,apache,sling-org-apache-sling-models-integration-tests
https://github.com/apache/sling-org-apache-sling-commons-jcr-file,apache,sling-org-apache-sling-commons-jcr-file
https://github.com/apache/sling-org-apache-sling-settings,apache,sling-org-apache-sling-settings
https://github.com/apache/sling-org-apache-sling-auth-xing-login,apache,sling-org-apache-sling-auth-xing-login
https://github.com/apache/sling-org-apache-sling-jcr-webconsole,apache,sling-org-apache-sling-jcr-webconsole
https://github.com/apache/sling-org-apache-sling-models-impl,apache,sling-org-apache-sling-models-impl
https://github.com/apache/sling-org-apache-sling-discovery-support,apache,sling-org-apache-sling-discovery-support
https://github.com/apache/sling-org-apache-sling-scripting-api,apache,sling-org-apache-sling-scripting-api
https://github.com/apache/sling-org-apache-sling-commons-html,apache,sling-org-apache-sling-commons-html
https://github.com/apache/sling-org-apache-sling-scripting-jsp-taglib-compat,apache,sling-org-apache-sling-scripting-jsp-taglib-compat
https://github.com/apache/sling-org-apache-sling-installer-factory-subsystems-base,apache,sling-org-apache-sling-installer-factory-subsystems-base
https://github.com/apache/sling-org-apache-sling-jcr-resourcesecurity,apache,sling-org-apache-sling-jcr-resourcesecurity
https://github.com/apache/sling-org-apache-sling-auth-xing-api,apache,sling-org-apache-sling-auth-xing-api
https://github.com/apache/sling-org-apache-sling-discovery-standalone,apache,sling-org-apache-sling-discovery-standalone
https://github.com/apache/sling-org-apache-sling-models-caconfig,apache,sling-org-apache-sling-models-caconfig
https://github.com/apache/sling-org-apache-sling-rewriter,apache,sling-org-apache-sling-rewriter
https://github.com/apache/sling-org-apache-sling-commons-fsclassloader,apache,sling-org-apache-sling-commons-fsclassloader
https://github.com/apache/sling-org-apache-sling-scripting-jsp-taglib,apache,sling-org-apache-sling-scripting-jsp-taglib
https://github.com/apache/sling-org-apache-sling-jcr-resource,apache,sling-org-apache-sling-jcr-resource
https://github.com/apache/sling-org-apache-sling-models-api,apache,sling-org-apache-sling-models-api
https://github.com/apache/sling-org-apache-sling-installer-factory-packages,apache,sling-org-apache-sling-installer-factory-packages
https://github.com/apache/sling-org-apache-sling-jcr-repository-it-resource-versioning,apache,sling-org-apache-sling-jcr-repository-it-resource-versioning
https://github.com/apache/sling-org-apache-sling-discovery-impl,apache,sling-org-apache-sling-discovery-impl
https://github.com/apache/sling-org-apache-sling-auth-form,apache,sling-org-apache-sling-auth-form
https://github.com/apache/sling-org-apache-sling-resourcemerger,apache,sling-org-apache-sling-resourcemerger
https://github.com/apache/sling-org-apache-sling-commons-contentdetection,apache,sling-org-apache-sling-commons-contentdetection
https://github.com/apache/sling-org-apache-sling-installer-factory-model,apache,sling-org-apache-sling-installer-factory-model
https://github.com/apache/sling-org-apache-sling-auth-core,apache,sling-org-apache-sling-auth-core
https://github.com/apache/sling-org-apache-sling-jcr-repoinit,apache,sling-org-apache-sling-jcr-repoinit
https://github.com/apache/sling-org-apache-sling-resourcecollection,apache,sling-org-apache-sling-resourcecollection
https://github.com/apache/sling-org-apache-sling-installer-factory-deploymentpackage,apache,sling-org-apache-sling-installer-factory-deploymentpackage
https://github.com/apache/sling-org-apache-sling-scripting-jsp,apache,sling-org-apache-sling-scripting-jsp
https://github.com/apache/sling-org-apache-sling-jcr-registration,apache,sling-org-apache-sling-jcr-registration
https://github.com/apache/sling-org-apache-sling-resourcebuilder,apache,sling-org-apache-sling-resourcebuilder
https://github.com/apache/sling-org-apache-sling-scripting-javascript,apache,sling-org-apache-sling-scripting-javascript
https://github.com/apache/sling-org-apache-sling-discovery-api,apache,sling-org-apache-sling-discovery-api
https://github.com/apache/sling-org-apache-sling-jcr-presence,apache,sling-org-apache-sling-jcr-presence
https://github.com/apache/sling-org-apache-sling-launchpad-test-services,apache,sling-org-apache-sling-launchpad-test-services
https://github.com/apache/sling-org-apache-sling-resourceaccesssecurity-it,apache,sling-org-apache-sling-resourceaccesssecurity-it
https://github.com/apache/sling-org-apache-sling-commons-compiler,apache,sling-org-apache-sling-commons-compiler
https://github.com/apache/sling-org-apache-sling-scripting-java,apache,sling-org-apache-sling-scripting-java
https://github.com/apache/sling-org-apache-sling-jcr-packageinit,apache,sling-org-apache-sling-jcr-packageinit
https://github.com/apache/sling-org-apache-sling-datasource,apache,sling-org-apache-sling-datasource
https://github.com/apache/sling-org-apache-sling-launchpad-test-fragment,apache,sling-org-apache-sling-launchpad-test-fragment
https://github.com/apache/sling-org-apache-sling-resourceaccesssecurity,apache,sling-org-apache-sling-resourceaccesssecurity
https://github.com/apache/sling-org-apache-sling-commons-classloader,apache,sling-org-apache-sling-commons-classloader
https://github.com/apache/sling-org-apache-sling-scripting-groovy,apache,sling-org-apache-sling-scripting-groovy
https://github.com/apache/sling-org-apache-sling-installer-console,apache,sling-org-apache-sling-installer-console
https://github.com/apache/sling-org-apache-sling-adapter-annotations,apache,sling-org-apache-sling-adapter-annotations
https://github.com/apache/sling-org-apache-sling-jcr-oak-server,apache,sling-org-apache-sling-jcr-oak-server
https://github.com/apache/sling-org-apache-sling-resource-presence,apache,sling-org-apache-sling-resource-presence
https://github.com/apache/sling-org-apache-sling-scripting-freemarker,apache,sling-org-apache-sling-scripting-freemarker
https://github.com/apache/sling-org-apache-sling-i18n,apache,sling-org-apache-sling-i18n
https://github.com/apache/sling-org-apache-sling-jcr-maintenance,apache,sling-org-apache-sling-jcr-maintenance
https://github.com/apache/sling-org-apache-sling-launchpad-startupmanager,apache,sling-org-apache-sling-launchpad-startupmanager
https://github.com/apache/sling-org-apache-sling-adapter,apache,sling-org-apache-sling-adapter
https://github.com/apache/sling-org-apache-sling-resource-inventory,apache,sling-org-apache-sling-resource-inventory
https://github.com/apache/sling-org-apache-sling-jcr-js-nodetypes,apache,sling-org-apache-sling-jcr-js-nodetypes
https://github.com/apache/sling-org-apache-sling-resource-filter,apache,sling-org-apache-sling-resource-filter
https://github.com/apache/sling-org-apache-sling-contentparser-xml-jcr,apache,sling-org-apache-sling-contentparser-xml-jcr
https://github.com/apache/sling-org-apache-sling-launchpad-installer,apache,sling-org-apache-sling-launchpad-installer
https://github.com/apache/sling-org-apache-sling-hc-support,apache,sling-org-apache-sling-hc-support
https://github.com/apache/sling-org-apache-sling-extensions-webconsolesecurityprovider,apache,sling-org-apache-sling-extensions-webconsolesecurityprovider
https://github.com/apache/sling-org-apache-sling-contentparser-xml,apache,sling-org-apache-sling-contentparser-xml
https://github.com/apache/sling-org-apache-sling-launchpad-contrib-testing,apache,sling-org-apache-sling-launchpad-contrib-testing
https://github.com/apache/sling-org-apache-sling-jcr-jackrabbit-usermanager,apache,sling-org-apache-sling-jcr-jackrabbit-usermanager
https://github.com/apache/sling-org-apache-sling-hc-samples,apache,sling-org-apache-sling-hc-samples
https://github.com/apache/sling-org-apache-sling-reqanalyzer,apache,sling-org-apache-sling-reqanalyzer
https://github.com/apache/sling-org-apache-sling-commons-cache-container-test,apache,sling-org-apache-sling-commons-cache-container-test
https://github.com/apache/sling-org-apache-sling-contentparser-testutils,apache,sling-org-apache-sling-contentparser-testutils
https://github.com/apache/sling-org-apache-sling-launchpad-base,apache,sling-org-apache-sling-launchpad-base
https://github.com/apache/sling-org-apache-sling-jcr-jackrabbit-base,apache,sling-org-apache-sling-jcr-jackrabbit-base
https://github.com/apache/sling-org-apache-sling-hc-junit-bridge,apache,sling-org-apache-sling-hc-junit-bridge
https://github.com/apache/sling-org-apache-sling-extensions-slf4j-mdc,apache,sling-org-apache-sling-extensions-slf4j-mdc
https://github.com/apache/sling-org-apache-sling-contentparser-json,apache,sling-org-apache-sling-contentparser-json
https://github.com/apache/sling-org-apache-sling-launchpad-api,apache,sling-org-apache-sling-launchpad-api
https://github.com/apache/sling-org-apache-sling-jcr-jackrabbit-accessmanager,apache,sling-org-apache-sling-jcr-jackrabbit-accessmanager
https://github.com/apache/sling-org-apache-sling-hc-it,apache,sling-org-apache-sling-hc-it
https://github.com/apache/sling-org-apache-sling-kickstart,apache,sling-org-apache-sling-kickstart
https://github.com/apache/sling-org-apache-sling-contentparser-api,apache,sling-org-apache-sling-contentparser-api
https://github.com/apache/sling-org-apache-sling-jcr-filetransfer,apache,sling-org-apache-sling-jcr-filetransfer
https://github.com/apache/sling-org-apache-sling-query,apache,sling-org-apache-sling-query
https://github.com/apache/sling-org-apache-sling-clam,apache,sling-org-apache-sling-clam
https://github.com/apache/sling-org-apache-sling-connection-timeout-agent,apache,sling-org-apache-sling-connection-timeout-agent
https://github.com/apache/sling-org-apache-sling-extensions-classloader-leak-detector,apache,sling-org-apache-sling-extensions-classloader-leak-detector
https://github.com/apache/sling-org-apache-sling-hc-api,apache,sling-org-apache-sling-hc-api
https://github.com/apache/sling-org-apache-sling-provisioning-model,apache,sling-org-apache-sling-provisioning-model
https://github.com/apache/sling-launchpad-comparator,apache,sling-launchpad-comparator
https://github.com/apache/sling-org-apache-sling-jcr-davex,apache,sling-org-apache-sling-jcr-davex
https://github.com/apache/sling-org-apache-sling-cassandra,apache,sling-org-apache-sling-cassandra
https://github.com/apache/sling-org-apache-sling-event-dea,apache,sling-org-apache-sling-event-dea
https://github.com/apache/sling-kickstart-maven-plugin,apache,sling-kickstart-maven-plugin
https://github.com/apache/sling-org-apache-sling-jcr-contentparser,apache,sling-org-apache-sling-jcr-contentparser
https://github.com/apache/sling-org-apache-sling-capabilities-jcr,apache,sling-org-apache-sling-capabilities-jcr
https://github.com/apache/sling-org-apache-sling-event-api,apache,sling-org-apache-sling-event-api
https://github.com/apache/sling-org-apache-sling-commons-threaddump,apache,sling-org-apache-sling-commons-threaddump
https://github.com/apache/sling-org-apache-sling-jcr-contentloader,apache,sling-org-apache-sling-jcr-contentloader
https://github.com/apache/sling-org-apache-sling-performance,apache,sling-org-apache-sling-performance
https://github.com/apache/sling-org-apache-sling-capabilities,apache,sling-org-apache-sling-capabilities
https://github.com/apache/sling-org-apache-sling-commons-testing,apache,sling-org-apache-sling-commons-testing
https://github.com/apache/sling-jcrinstall-bundle-archetype,apache,sling-jcrinstall-bundle-archetype
https://github.com/apache/sling-org-apache-sling-hapi-client,apache,sling-org-apache-sling-hapi-client
https://github.com/apache/sling-org-apache-sling-jcr-classloader,apache,sling-org-apache-sling-jcr-classloader
https://github.com/apache/sling-org-apache-sling-paxexam-util,apache,sling-org-apache-sling-paxexam-util
https://github.com/apache/sling-org-apache-sling-caconfig-spi,apache,sling-org-apache-sling-caconfig-spi
https://github.com/apache/sling-org-apache-sling-junit-teleporter,apache,sling-org-apache-sling-junit-teleporter
https://github.com/apache/sling-org-apache-sling-commons-scheduler,apache,sling-org-apache-sling-commons-scheduler
https://github.com/apache/sling-org-apache-sling-oak-restrictions,apache,sling-org-apache-sling-oak-restrictions
https://github.com/apache/sling-org-apache-sling-hapi,apache,sling-org-apache-sling-hapi
https://github.com/apache/sling-org-apache-sling-jcr-base,apache,sling-org-apache-sling-jcr-base
https://github.com/apache/sling-org-apache-sling-caconfig-integration-tests,apache,sling-org-apache-sling-caconfig-integration-tests
https://github.com/apache/sling-org-apache-sling-dynamic-include,apache,sling-org-apache-sling-dynamic-include
https://github.com/apache/sling-ide-tooling,apache,sling-ide-tooling
https://github.com/apache/sling-org-apache-sling-jcr-api,apache,sling-org-apache-sling-jcr-api
https://github.com/apache/sling-org-apache-sling-commons-osgi,apache,sling-org-apache-sling-commons-osgi
https://github.com/apache/sling-org-apache-sling-nosql-mongodb-resourceprovider,apache,sling-org-apache-sling-nosql-mongodb-resourceprovider
https://github.com/apache/sling-org-apache-sling-caconfig-impl,apache,sling-org-apache-sling-caconfig-impl
https://github.com/apache/sling-org-apache-sling-distribution-sample,apache,sling-org-apache-sling-distribution-sample
https://github.com/apache/sling-org-apache-sling-commons-mime,apache,sling-org-apache-sling-commons-mime
https://github.com/apache/sling-org-apache-sling-caconfig-bnd-plugin,apache,sling-org-apache-sling-caconfig-bnd-plugin
https://github.com/apache/sling-org-apache-sling-distribution-kryo-serializer,apache,sling-org-apache-sling-distribution-kryo-serializer
https://github.com/apache/sling-org-apache-sling-commons-metrics-rrd4j,apache,sling-org-apache-sling-commons-metrics-rrd4j
https://github.com/apache/sling-org-apache-sling-installer-provider-jcr,apache,sling-org-apache-sling-installer-provider-jcr
https://github.com/apache/sling-org-apache-sling-nosql-generic,apache,sling-org-apache-sling-nosql-generic
https://github.com/apache/sling-org-apache-sling-caconfig-api,apache,sling-org-apache-sling-caconfig-api
https://github.com/apache/sling-org-apache-sling-distribution-journal-messages,apache,sling-org-apache-sling-distribution-journal-messages
https://github.com/apache/sling-org-apache-sling-nosql-couchbase-resourceprovider,apache,sling-org-apache-sling-nosql-couchbase-resourceprovider
https://github.com/apache/sling-org-apache-sling-installer-provider-installhook,apache,sling-org-apache-sling-installer-provider-installhook
https://github.com/apache/sling-bundle-archetype,apache,sling-bundle-archetype
https://github.com/apache/sling-org-apache-sling-commons-metrics,apache,sling-org-apache-sling-commons-metrics
https://github.com/apache/sling-org-apache-sling-bundleresource-impl,apache,sling-org-apache-sling-bundleresource-impl
https://github.com/apache/sling-org-apache-sling-distribution-journal-kafka,apache,sling-org-apache-sling-distribution-journal-kafka
https://github.com/apache/sling-org-apache-sling-installer-provider-file,apache,sling-org-apache-sling-installer-provider-file
https://github.com/apache/sling-org-apache-sling-nosql-couchbase-client,apache,sling-org-apache-sling-nosql-couchbase-client
https://github.com/apache/sling-org-apache-sling-bnd-plugin-headers-parameters-remove,apache,sling-org-apache-sling-bnd-plugin-headers-parameters-remove
https://github.com/apache/sling-org-apache-sling-distribution-journal-it,apache,sling-org-apache-sling-distribution-journal-it
https://github.com/apache/sling-org-apache-sling-mongodb,apache,sling-org-apache-sling-mongodb
https://github.com/apache/sling-org-apache-sling-jobs-it-services,apache,sling-org-apache-sling-jobs-it-services
https://github.com/apache/sling-org-apache-sling-installer-it,apache,sling-org-apache-sling-installer-it
https://github.com/apache/sling-org-apache-sling-file-optimization,apache,sling-org-apache-sling-file-optimization
https://github.com/apache/sling-adapter-annotations,apache,sling-adapter-annotations
https://github.com/apache/sling-org-apache-sling-bnd-models,apache,sling-org-apache-sling-bnd-models
https://github.com/apache/sling-org-apache-sling-installer-hc,apache,sling-org-apache-sling-installer-hc
https://github.com/apache/sling-org-apache-sling-jobs-it,apache,sling-org-apache-sling-jobs-it
https://github.com/apache/sling-org-apache-sling-mom,apache,sling-org-apache-sling-mom
https://github.com/apache/sling-org-apache-sling-commons-logservice,apache,sling-org-apache-sling-commons-logservice
https://github.com/apache/sling-org-apache-sling-featureflags,apache,sling-org-apache-sling-featureflags
https://github.com/apache/sling-org-apache-sling-feature-resolver,apache,sling-org-apache-sling-feature-resolver
https://github.com/apache/sling-org-apache-sling-feature-r2f,apache,sling-org-apache-sling-feature-r2f
https://github.com/apache/sling-org-apache-sling-feature-modelconverter,apache,sling-org-apache-sling-feature-modelconverter
https://github.com/apache/sling-org-apache-sling-feature-karaf,apache,sling-org-apache-sling-feature-karaf
https://github.com/apache/sling-org-apache-sling-feature-inventoryprinter,apache,sling-org-apache-sling-feature-inventoryprinter
https://github.com/apache/sling-org-apache-sling-feature-extension-unpack,apache,sling-org-apache-sling-feature-extension-unpack
https://github.com/apache/sling-org-apache-sling-feature-extension-content,apache,sling-org-apache-sling-feature-extension-content
https://github.com/apache/sling-org-apache-sling-feature-diff,apache,sling-org-apache-sling-feature-diff
https://github.com/apache/sling-org-apache-sling-feature-apiregions-model,apache,sling-org-apache-sling-feature-apiregions-model
https://github.com/apache/sling-org-apache-sling-feature-apiregions,apache,sling-org-apache-sling-feature-apiregions
https://github.com/apache/maven-rar-plugin,apache,maven-rar-plugin
https://github.com/apache/maven-ejb-plugin,apache,maven-ejb-plugin
https://github.com/apache/netbeans-html4j,apache,netbeans-html4j
https://github.com/apache/sling-feature-launcher-maven-plugin,apache,sling-feature-launcher-maven-plugin
https://github.com/apache/sling-feature-converter-maven-plugin,apache,sling-feature-converter-maven-plugin
https://github.com/apache/pdfbox-jbig2,apache,pdfbox-jbig2
https://github.com/apache/maven-common-artifact-filters,apache,maven-common-artifact-filters
https://github.com/apache/maven-reporting-exec,apache,maven-reporting-exec
https://github.com/apache/maven-shared-io,apache,maven-shared-io
https://github.com/apache/maven-project-utils,apache,maven-project-utils
https://github.com/apache/maven-verifier,apache,maven-verifier
https://github.com/apache/maven-shared-incremental,apache,maven-shared-incremental
https://github.com/apache/maven-archiver,apache,maven-archiver
https://github.com/apache/maven-reporting-impl,apache,maven-reporting-impl
https://github.com/apache/maven-file-management,apache,maven-file-management
https://github.com/apache/maven-mapping,apache,maven-mapping
https://github.com/apache/maven-reporting-api,apache,maven-reporting-api
https://github.com/apache/maven-shared-utils,apache,maven-shared-utils
https://github.com/apache/maven-jarsigner,apache,maven-jarsigner
https://github.com/apache/maven-toolchains-plugin,apache,maven-toolchains-plugin
https://github.com/apache/maven-patch-plugin,apache,maven-patch-plugin
https://github.com/apache/maven-scm-publish-plugin,apache,maven-scm-publish-plugin
https://github.com/apache/maven-jdeps-plugin,apache,maven-jdeps-plugin
https://github.com/apache/maven-changes-plugin,apache,maven-changes-plugin
https://github.com/apache/maven-acr-plugin,apache,maven-acr-plugin
https://github.com/apache/maven-verifier-plugin,apache,maven-verifier-plugin
https://github.com/apache/maven-doxia-book-maven-plugin,apache,maven-doxia-book-maven-plugin
https://github.com/apache/aries-component-dsl,apache,aries-component-dsl
https://github.com/apache/pulsar-adapters,apache,pulsar-adapters
https://github.com/apache/maven-doxia-book-renderer,apache,maven-doxia-book-renderer
https://github.com/apache/dubbo-kubernetes,apache,dubbo-kubernetes
https://github.com/apache/nifi-registry,apache,nifi-registry
https://github.com/apache/infrastructure-jenkins,apache,infrastructure-jenkins
https://github.com/apache/nutch-webapp,apache,nutch-webapp
https://github.com/apache/xmlgraphics-fop-pdf-images,apache,xmlgraphics-fop-pdf-images
https://github.com/apache/incubator-hivemall,apache,incubator-hivemall
https://github.com/apache/tomee-chatterbox,apache,tomee-chatterbox
https://github.com/apache/logging-chainsaw,apache,logging-chainsaw
https://github.com/apache/incubator-crail,apache,incubator-crail
https://github.com/apache/geronimo-metrics,apache,geronimo-metrics
https://github.com/apache/datasketches-vector,apache,datasketches-vector
https://github.com/apache/directory-buildtools,apache,directory-buildtools
https://github.com/apache/shardingsphere-benchmark,apache,shardingsphere-benchmark
https://github.com/apache/openwhisk-intellij-plugin,apache,openwhisk-intellij-plugin
https://github.com/apache/dubbo-benchmark,apache,dubbo-benchmark
https://github.com/apache/datasketches-hive,apache,datasketches-hive
https://github.com/apache/archiva-components,apache,archiva-components
https://github.com/apache/incubator-weex-playground,apache,incubator-weex-playground
https://github.com/apache/tomcat-jakartaee-migration,apache,tomcat-jakartaee-migration
https://github.com/apache/geronimo-jcache-simple,apache,geronimo-jcache-simple
https://github.com/apache/tomcat-taglibs-standard,apache,tomcat-taglibs-standard
https://github.com/apache/tomcat-taglibs-rdc,apache,tomcat-taglibs-rdc
https://github.com/apache/tomee-jakartaee-api,apache,tomee-jakartaee-api
https://github.com/apache/phoenix-tephra,apache,phoenix-tephra
https://github.com/apache/geronimo-batchee,apache,geronimo-batchee
https://github.com/apache/activemq-nms-openwire-generator,apache,activemq-nms-openwire-generator
https://github.com/apache/qpid-jms-amqp-0-x,apache,qpid-jms-amqp-0-x
https://github.com/apache/datasketches-memory16,apache,datasketches-memory16
https://github.com/apache/openwhisk-runtime-ballerina,apache,openwhisk-runtime-ballerina
https://github.com/apache/felix-atomos,apache,felix-atomos
https://github.com/apache/datasketches-pig,apache,datasketches-pig
https://github.com/apache/mina-ftpserver,apache,mina-ftpserver
https://github.com/apache/netbeans-mavenutils-nbm-maven-harness,apache,netbeans-mavenutils-nbm-maven-harness
https://github.com/apache/netbeans-mavenutils-archetype-netbeans-platform-app-archetype,apache,netbeans-mavenutils-archetype-netbeans-platform-app-archetype
https://github.com/apache/netbeans-mavenutils-nb-repository-plugin,apache,netbeans-mavenutils-nb-repository-plugin
https://github.com/apache/netbeans-mavenutils-nbm-shared,apache,netbeans-mavenutils-nbm-shared
https://github.com/apache/geronimo-config,apache,geronimo-config
https://github.com/apache/fineract-cn-command,apache,fineract-cn-command
https://github.com/apache/fineract-cn-data-jpa,apache,fineract-cn-data-jpa
https://github.com/apache/samza-beam-examples,apache,samza-beam-examples
https://github.com/apache/dubbo-proxy,apache,dubbo-proxy
https://github.com/apache/fineract-cn-rhythm,apache,fineract-cn-rhythm
https://github.com/apache/logging-log4j-tools,apache,logging-log4j-tools
https://github.com/apache/fineract-cn-template,apache,fineract-cn-template
https://github.com/apache/fineract-cn-crypto,apache,fineract-cn-crypto
https://github.com/apache/nifi-minifi,apache,nifi-minifi
https://github.com/apache/geronimo-jwt-auth,apache,geronimo-jwt-auth
https://github.com/apache/geode-kafka-connector,apache,geode-kafka-connector
https://github.com/apache/fineract-cn-office,apache,fineract-cn-office
https://github.com/apache/fineract-cn-api,apache,fineract-cn-api
https://github.com/apache/fineract-cn-reporting,apache,fineract-cn-reporting
https://github.com/apache/fineract-cn-payroll,apache,fineract-cn-payroll
https://github.com/apache/rya,apache,rya
https://github.com/apache/mina-vysper,apache,mina-vysper
https://github.com/apache/axis-axis1-java,apache,axis-axis1-java
https://github.com/apache/geronimo-openapi,apache,geronimo-openapi
https://github.com/apache/accumulo-classloaders,apache,accumulo-classloaders
https://github.com/apache/geronimo-microprofile,apache,geronimo-microprofile
https://github.com/apache/ambari-metrics,apache,ambari-metrics
https://github.com/apache/ambari-infra,apache,ambari-infra
https://github.com/apache/ambari-logsearch,apache,ambari-logsearch
https://github.com/apache/karaf-winegrower,apache,karaf-winegrower
https://github.com/apache/pulsar-release,apache,pulsar-release
https://github.com/apache/pulsar-connectors,apache,pulsar-connectors
https://github.com/apache/pulsar-presto,apache,pulsar-presto
https://github.com/apache/fineract-cn-interoperation,apache,fineract-cn-interoperation
https://github.com/apache/juneau-petstore,apache,juneau-petstore
https://github.com/apache/accumulo-maven-plugin,apache,accumulo-maven-plugin
https://github.com/apache/cayenne-examples,apache,cayenne-examples
https://github.com/apache/geronimo-health,apache,geronimo-health
https://github.com/apache/joshua,apache,joshua
https://github.com/apache/openwebbeans-peeco,apache,openwebbeans-peeco
https://github.com/apache/maven-jmod-plugin,apache,maven-jmod-plugin
https://github.com/apache/dolphinscheduler-maven-plugin,apache,dolphinscheduler-maven-plugin
https://github.com/apache/shardingsphere-acceptance-test,apache,shardingsphere-acceptance-test
https://github.com/apache/shardingsphere-example,apache,shardingsphere-example
https://github.com/apache/sentry,apache,sentry
https://github.com/apache/logging-log4j-audit,apache,logging-log4j-audit
https://github.com/apache/shardingsphere-elasticjob-cloud,apache,shardingsphere-elasticjob-cloud
https://github.com/apache/openwebbeans-meecrowave-examples,apache,openwebbeans-meecrowave-examples
https://github.com/apache/incubator-retired-tamaya-extensions,apache,incubator-retired-tamaya-extensions
https://github.com/apache/geronimo-opentracing,apache,geronimo-opentracing
https://github.com/apache/fineract-cn-teller,apache,fineract-cn-teller
https://github.com/apache/shardingsphere-elasticjob-example,apache,shardingsphere-elasticjob-example
https://github.com/apache/fineract-cn-cheques,apache,fineract-cn-cheques
https://github.com/apache/fineract-cn-notifications,apache,fineract-cn-notifications
https://github.com/apache/fineract-cn-portfolio,apache,fineract-cn-portfolio
https://github.com/apache/fineract-cn-group,apache,fineract-cn-group
https://github.com/apache/servicecomb-fence,apache,servicecomb-fence
https://github.com/apache/fineract-cn-permitted-feign-client,apache,fineract-cn-permitted-feign-client
https://github.com/apache/fineract-cn-identity,apache,fineract-cn-identity
https://github.com/apache/fineract-cn-service-starter,apache,fineract-cn-service-starter
https://github.com/apache/fineract-cn-postgresql,apache,fineract-cn-postgresql
https://github.com/apache/geronimo-safeguard,apache,geronimo-safeguard
https://github.com/apache/fineract-cn-default-setup,apache,fineract-cn-default-setup
https://github.com/apache/fineract-cn-demo-server,apache,fineract-cn-demo-server
https://github.com/apache/fineract-cn-async,apache,fineract-cn-async
https://github.com/apache/fineract-cn-cassandra,apache,fineract-cn-cassandra
https://github.com/apache/fineract-cn-test,apache,fineract-cn-test
https://github.com/apache/fineract-cn-lang,apache,fineract-cn-lang
https://github.com/apache/axis-axis2-java-transports,apache,axis-axis2-java-transports
https://github.com/apache/axis-axis2-java-savan,apache,axis-axis2-java-savan
https://github.com/apache/axis-axis2-java-sandesha,apache,axis-axis2-java-sandesha
https://github.com/apache/axis-axis2-java-kandula,apache,axis-axis2-java-kandula
https://github.com/apache/uima-as_old,apache,uima-as_old
https://github.com/apache/any23-server,apache,any23-server
https://github.com/apache/incubator-sdap-ningester,apache,incubator-sdap-ningester
https://github.com/apache/incubator-taverna-plugin-gis,apache,incubator-taverna-plugin-gis
https://github.com/apache/aries-journaled-events,apache,aries-journaled-events
https://github.com/apache/incubator-sdap-mudrod,apache,incubator-sdap-mudrod
https://github.com/apache/asterixdb-hyracks,apache,asterixdb-hyracks
https://github.com/apache/mina-asyncweb,apache,mina-asyncweb
https://github.com/apache/incubator-retired-tamaya-sandbox,apache,incubator-retired-tamaya-sandbox
https://github.com/apache/rocketmq-ons,apache,rocketmq-ons
https://github.com/apache/any23-plugins,apache,any23-plugins
https://github.com/apache/ctakes,apache,ctakes
https://github.com/apache/incubator-retired-tamaya,apache,incubator-retired-tamaya
https://github.com/apache/rocketmq-remoting,apache,rocketmq-remoting
https://github.com/apache/incubator-retired-edgent,apache,incubator-retired-edgent
https://github.com/apache/dubbo-sentinel-support,apache,dubbo-sentinel-support
https://github.com/apache/shindig,apache,shindig
https://github.com/apache/fineract-cn-mariadb,apache,fineract-cn-mariadb
https://github.com/apache/archiva-redback-components-spring-utils,apache,archiva-redback-components-spring-utils
https://github.com/apache/xalan-java,apache,xalan-java
https://github.com/apache/maven-osgi,apache,maven-osgi
https://github.com/apache/maven-repository-builder-retired,apache,maven-repository-builder-retired
https://github.com/apache/maven-downloader,apache,maven-downloader
https://github.com/apache/maven-ant-plugin,apache,maven-ant-plugin
https://github.com/apache/metamodel-membrane,apache,metamodel-membrane
https://github.com/apache/maven-runtime,apache,maven-runtime
https://github.com/apache/maven-artifact-resolver,apache,maven-artifact-resolver
https://github.com/apache/maven-repository-plugin,apache,maven-repository-plugin
https://github.com/apache/universal-wiki-converter,apache,universal-wiki-converter
https://github.com/apache/jclouds-examples,apache,jclouds-examples
https://github.com/apache/logging-log4j-audit-sample,apache,logging-log4j-audit-sample
https://github.com/apache/aries-tx-control,apache,aries-tx-control
https://github.com/apache/karaf-jclouds,apache,karaf-jclouds
https://github.com/apache/karaf-jclouds-cli,apache,karaf-jclouds-cli
https://github.com/apache/sling-org-apache-sling-bnd-plugins,apache,sling-org-apache-sling-bnd-plugins
https://github.com/apache/sling-org-apache-sling-feature-applicationbuilder,apache,sling-org-apache-sling-feature-applicationbuilder
https://github.com/apache/onami,apache,onami
https://github.com/apache/clerezza-contribs,apache,clerezza-contribs
https://github.com/apache/dubbo-async-processor,apache,dubbo-async-processor
https://github.com/apache/ignite-abbrev-plugin,apache,ignite-abbrev-plugin
https://github.com/apache/myfaces-test,apache,myfaces-test
https://github.com/apache/incubator-retired-slider,apache,incubator-retired-slider
https://github.com/apache/manifoldcf-integration-elasticsearch,apache,manifoldcf-integration-elasticsearch
https://github.com/apache/incubator-retired-htrace,apache,incubator-retired-htrace
https://github.com/apache/myfaces-trinidad-maven,apache,myfaces-trinidad-maven
https://github.com/apache/incubator-retired-wave,apache,incubator-retired-wave
https://github.com/apache/incubator-retired-blur,apache,incubator-retired-blur
https://github.com/apache/incubator-retired-hdt,apache,incubator-retired-hdt
https://github.com/apache/incubator-retired-s4,apache,incubator-retired-s4
https://github.com/eclipse/deeplearning4j,eclipse,deeplearning4j
https://github.com/eclipse/smartmdsd,eclipse,smartmdsd
https://github.com/eclipse/jkube,eclipse,jkube
https://github.com/eclipse/windowbuilder,eclipse,windowbuilder
https://github.com/eclipse/steady,eclipse,steady
https://github.com/eclipse/kapua,eclipse,kapua
https://github.com/eclipse/eclipse.jdt.ls,eclipse,eclipse.jdt.ls
https://github.com/eclipse/n4js,eclipse,n4js
https://github.com/eclipse/capella,eclipse,capella
https://github.com/eclipse/hono,eclipse,hono
https://github.com/eclipse/xtext-eclipse,eclipse,xtext-eclipse
https://github.com/eclipse/chemclipse,eclipse,chemclipse
https://github.com/eclipse/xtext-web,eclipse,xtext-web
https://github.com/eclipse/mosaic,eclipse,mosaic
https://github.com/eclipse/lsp4jakarta,eclipse,lsp4jakarta
https://github.com/eclipse/ditto,eclipse,ditto
https://github.com/eclipse/agileuml,eclipse,agileuml
https://github.com/eclipse/lsp4mp,eclipse,lsp4mp
https://github.com/eclipse/dash-licenses,eclipse,dash-licenses
https://github.com/eclipse/microprofile-graphql,eclipse,microprofile-graphql
https://github.com/eclipse/lemminx-maven,eclipse,lemminx-maven
https://github.com/eclipse/keyple-service-resource-java-lib,eclipse,keyple-service-resource-java-lib
https://github.com/eclipse/openvsx,eclipse,openvsx
https://github.com/eclipse/sw360,eclipse,sw360
https://github.com/eclipse/che-che4z-lsp-for-cobol,eclipse,che-che4z-lsp-for-cobol
https://github.com/eclipse/xtext-core,eclipse,xtext-core
https://github.com/eclipse/transformer,eclipse,transformer
https://github.com/eclipse/microprofile-rest-client,eclipse,microprofile-rest-client
https://github.com/eclipse/lyo.designer,eclipse,lyo.designer
https://github.com/eclipse/keyple-card-calypso-java-lib,eclipse,keyple-card-calypso-java-lib
https://github.com/eclipse/microprofile-fault-tolerance,eclipse,microprofile-fault-tolerance
https://github.com/eclipse/swtchart,eclipse,swtchart
https://github.com/eclipse/wildwebdeveloper,eclipse,wildwebdeveloper
https://github.com/eclipse/deeplearning4j-examples,eclipse,deeplearning4j-examples
https://github.com/eclipse/paho.mqtt.android,eclipse,paho.mqtt.android
https://github.com/eclipse/ditto-clients,eclipse,ditto-clients
https://github.com/eclipse/microprofile-sandbox,eclipse,microprofile-sandbox
https://github.com/eclipse/aspectj.eclipse.jdt.core,eclipse,aspectj.eclipse.jdt.core
https://github.com/eclipse/capella-studio,eclipse,capella-studio
https://github.com/eclipse/keyple-util-java-lib,eclipse,keyple-util-java-lib
https://github.com/eclipse/xtext-xtend,eclipse,xtext-xtend
https://github.com/eclipse/xtext-maven,eclipse,xtext-maven
https://github.com/eclipse/xtext-extras,eclipse,xtext-extras
https://github.com/eclipse/xtext-lib,eclipse,xtext-lib
https://github.com/eclipse/keyple-distributed-local-java-api,eclipse,keyple-distributed-local-java-api
https://github.com/eclipse/lemminx,eclipse,lemminx
https://github.com/eclipse/keyple-service-java-lib,eclipse,keyple-service-java-lib
https://github.com/eclipse/ditto-examples,eclipse,ditto-examples
https://github.com/eclipse/keyple-plugin-stub-java-lib,eclipse,keyple-plugin-stub-java-lib
https://github.com/eclipse/keyple-plugin-java-api,eclipse,keyple-plugin-java-api
https://github.com/eclipse/keyple-plugin-pcsc-java-lib,eclipse,keyple-plugin-pcsc-java-lib
https://github.com/eclipse/keyple-distributed-remote-java-lib,eclipse,keyple-distributed-remote-java-lib
https://github.com/eclipse/keyple-distributed-network-java-lib,eclipse,keyple-distributed-network-java-lib
https://github.com/eclipse/keyple-distributed-remote-java-api,eclipse,keyple-distributed-remote-java-api
https://github.com/eclipse/keyple-distributed-local-java-lib,eclipse,keyple-distributed-local-java-lib
https://github.com/eclipse/keyple-card-generic-java-lib,eclipse,keyple-card-generic-java-lib
https://github.com/eclipse/keyple-common-java-api,eclipse,keyple-common-java-api
https://github.com/eclipse/keyple-integration-java-test,eclipse,keyple-integration-java-test
https://github.com/eclipse/keyple-java-example,eclipse,keyple-java-example
https://github.com/eclipse/microprofile-open-api,eclipse,microprofile-open-api
https://github.com/eclipse/kitalpha,eclipse,kitalpha
https://github.com/eclipse/microprofile-starter,eclipse,microprofile-starter
https://github.com/eclipse/microprofile-lra,eclipse,microprofile-lra
https://github.com/eclipse/repairnator,eclipse,repairnator
https://github.com/eclipse/lyo.ldp,eclipse,lyo.ldp
https://github.com/eclipse/gemoc-studio-execution-moccml,eclipse,gemoc-studio-execution-moccml
https://github.com/eclipse/capella-xhtml-docgen,eclipse,capella-xhtml-docgen
https://github.com/eclipse/microprofile-metrics,eclipse,microprofile-metrics
https://github.com/eclipse/gemoc-studio-modeldebugging,eclipse,gemoc-studio-modeldebugging
https://github.com/eclipse/gmf-notation,eclipse,gmf-notation
https://github.com/eclipse/microprofile-opentracing,eclipse,microprofile-opentracing
https://github.com/eclipse/lyo.validation,eclipse,lyo.validation
https://github.com/eclipse/microprofile-health,eclipse,microprofile-health
https://github.com/eclipse/eclemma,eclipse,eclemma
https://github.com/eclipse/org.eclipse.emf.diffmerge.coevolution,eclipse,org.eclipse.emf.diffmerge.coevolution
https://github.com/eclipse/org.eclipse.emf.diffmerge.core,eclipse,org.eclipse.emf.diffmerge.core
https://github.com/eclipse/jifa,eclipse,jifa
https://github.com/eclipse/microprofile-jwt-auth,eclipse,microprofile-jwt-auth
https://github.com/eclipse/microprofile-reactive-messaging,eclipse,microprofile-reactive-messaging
https://github.com/eclipse/amalgam,eclipse,amalgam
https://github.com/eclipse/shellwax,eclipse,shellwax
https://github.com/eclipse/emf-validation,eclipse,emf-validation
https://github.com/eclipse/emf.egf,eclipse,emf.egf
https://github.com/eclipse/efbt,eclipse,efbt
https://github.com/eclipse/capella-vpms,eclipse,capella-vpms
https://github.com/eclipse/codewind-java-profiler,eclipse,codewind-java-profiler
https://github.com/eclipse/kitalpha-addons,eclipse,kitalpha-addons
https://github.com/eclipse/org.eclipse.emf.diffmerge.patterns,eclipse,org.eclipse.emf.diffmerge.patterns
https://github.com/eclipse/capella-sss-transition,eclipse,capella-sss-transition
https://github.com/eclipse/hawkbit-examples,eclipse,hawkbit-examples
https://github.com/eclipse/gemoc-studio-moccml,eclipse,gemoc-studio-moccml
https://github.com/eclipse/emf-transaction,eclipse,emf-transaction
https://github.com/eclipse/tahu,eclipse,tahu
https://github.com/eclipse/hawkbit-extensions,eclipse,hawkbit-extensions
https://github.com/eclipse/packager,eclipse,packager
https://github.com/eclipse/paho.mqtt-spy,eclipse,paho.mqtt-spy
https://github.com/eclipse/milo,eclipse,milo
https://github.com/eclipse/org.eclipse.emf.diffmerge.patch,eclipse,org.eclipse.emf.diffmerge.patch
https://github.com/eclipse/microprofile-context-propagation,eclipse,microprofile-context-propagation
https://github.com/eclipse/gemoc-studio-execution-java,eclipse,gemoc-studio-execution-java
https://github.com/eclipse/gemoc-studio-execution-ale,eclipse,gemoc-studio-execution-ale
https://github.com/eclipse/capella-cybersecurity,eclipse,capella-cybersecurity
https://github.com/eclipse/capella-basic-vp,eclipse,capella-basic-vp
https://github.com/eclipse/capella-requirements-vp,eclipse,capella-requirements-vp
https://github.com/eclipse/oneofour,eclipse,oneofour
https://github.com/eclipse/org.eclipse.rap.incubator.e4.compatibility.workbench,eclipse,org.eclipse.rap.incubator.e4.compatibility.workbench
https://github.com/eclipse/capella-tools,eclipse,capella-tools
https://github.com/eclipse/capella-deferred-merge,eclipse,capella-deferred-merge
https://github.com/eclipse/capella-textual-editor,eclipse,capella-textual-editor
https://github.com/eclipse/jnosql-communication-driver,eclipse,jnosql-communication-driver
https://github.com/eclipse/capella-filtering,eclipse,capella-filtering
https://github.com/eclipse/jnosql-mapping-extension,eclipse,jnosql-mapping-extension
https://github.com/eclipse/keti,eclipse,keti
https://github.com/eclipse/january,eclipse,january
https://github.com/eclipse/emf-query,eclipse,emf-query
https://github.com/eclipse/hono-extras,eclipse,hono-extras
https://github.com/eclipse/vorto-examples,eclipse,vorto-examples
https://github.com/eclipse/scanning,eclipse,scanning
https://github.com/eclipse/kuksa.integration,eclipse,kuksa.integration
https://github.com/eclipse/keyple-java,eclipse,keyple-java
https://github.com/eclipse/lyo.domains,eclipse,lyo.domains
https://github.com/eclipse/dartboard,eclipse,dartboard
https://github.com/eclipse/codewind-eclipse,eclipse,codewind-eclipse
https://github.com/eclipse/che-ls-jdt,eclipse,che-ls-jdt
https://github.com/eclipse/microprofile-service-mesh-service-b,eclipse,microprofile-service-mesh-service-b
https://github.com/eclipse/microprofile-service-mesh-service-a,eclipse,microprofile-service-mesh-service-a
https://github.com/eclipse/codewind-openapi-eclipse,eclipse,codewind-openapi-eclipse
https://github.com/eclipse/codewind-intellij,eclipse,codewind-intellij
https://github.com/eclipse/concierge,eclipse,concierge
https://github.com/eclipse/rdf4j-storage,eclipse,rdf4j-storage
https://github.com/eclipse/kuksa.ide,eclipse,kuksa.ide
https://github.com/eclipse/rdf4j-tools,eclipse,rdf4j-tools
https://github.com/eclipse/ConfigJSR,eclipse,ConfigJSR
https://github.com/eclipse/imagen,eclipse,imagen
https://github.com/eclipse/rdf4j-testsuite,eclipse,rdf4j-testsuite
https://github.com/eclipse/eavp,eclipse,eavp
https://github.com/eclipse/unide.java,eclipse,unide.java
https://github.com/eclipse/edje,eclipse,edje
https://github.com/eclipse/org.eclipse.riena.rap,eclipse,org.eclipse.riena.rap
https://github.com/eclipse/org.eclipse.riena.old,eclipse,org.eclipse.riena.old
https://github.com/eclipse/che-archetypes,eclipse,che-archetypes
https://github.com/eclipse/bridgeiot.lib.java,eclipse,bridgeiot.lib.java
https://github.com/eclipse/lyo.adapter-simulink,eclipse,lyo.adapter-simulink
https://github.com/eclipse/lyo.adapter-magicdraw,eclipse,lyo.adapter-magicdraw
https://github.com/eclipse/org.eclipse.riena.plugins.archive,eclipse,org.eclipse.riena.plugins.archive
https://github.com/eclipse/org.eclipse.riena.toolbox,eclipse,org.eclipse.riena.toolbox
https://github.com/eclipse/andmore,eclipse,andmore
https://github.com/eclipse/che-plugin-svn,eclipse,che-plugin-svn
https://github.com/eclipse/january-forms,eclipse,january-forms
https://github.com/google/dagger,google,dagger
https://github.com/google/mdl-ref-apps,google,mdl-ref-apps
https://github.com/google/dwh-assessment-extraction-tool,google,dwh-assessment-extraction-tool
https://github.com/google/tsunami-security-scanner-plugins,google,tsunami-security-scanner-plugins
https://github.com/google/gitiles,google,gitiles
https://github.com/google/copybara,google,copybara
https://github.com/google/tsunami-security-scanner,google,tsunami-security-scanner
https://github.com/google/desugar_jdk_libs,google,desugar_jdk_libs
https://github.com/google/gson,google,gson
https://github.com/google/open-location-code,google,open-location-code
https://github.com/google/elemental2,google,elemental2
https://github.com/google/exposure-notifications-private-analytics-ingestion,google,exposure-notifications-private-analytics-ingestion
https://github.com/google/TestParameterInjector,google,TestParameterInjector
https://github.com/google/play-services-plugins,google,play-services-plugins
https://github.com/google/startup-os,google,startup-os
https://github.com/google/android-uiconductor,google,android-uiconductor
https://github.com/google/graphicsfuzz,google,graphicsfuzz
https://github.com/google/polymorphicDSL,google,polymorphicDSL
https://github.com/google/gps-measurement-tools,google,gps-measurement-tools
https://github.com/google/exposure-notifications-internals,google,exposure-notifications-internals
https://github.com/google/jsinterop-generator,google,jsinterop-generator
https://github.com/google/bamboo-soy,google,bamboo-soy
https://github.com/google/escapevelocity,google,escapevelocity
https://github.com/google/exposure-notifications-android,google,exposure-notifications-android
https://github.com/google/myanmar-tools,google,myanmar-tools
https://github.com/google/grpc-java-bazel-minimal,google,grpc-java-bazel-minimal
https://github.com/google/archive-patcher,google,archive-patcher
https://github.com/google/conscrypt,google,conscrypt
https://github.com/google/inject-common,google,inject-common
https://github.com/google/webauthndemo,google,webauthndemo
https://github.com/google/floody,google,floody
https://github.com/google/software-product-sprint,google,software-product-sprint
https://github.com/google/framework-for-osdu,google,framework-for-osdu
https://github.com/google/codeu-starter-project,google,codeu-starter-project
https://github.com/google/android-key-attestation,google,android-key-attestation
https://github.com/google/codeu_project_2017,google,codeu_project_2017
https://github.com/google/nel-reporter-java,google,nel-reporter-java
https://github.com/google/guice-aqueduct,google,guice-aqueduct
https://github.com/google/ios-device-control,google,ios-device-control
https://github.com/google/devtools-driver,google,devtools-driver
https://github.com/google/martian-java,google,martian-java
https://github.com/google/i18n_sanitycheck,google,i18n_sanitycheck
https://github.com/google/rejoiner,google,rejoiner
https://github.com/google/AndroidForegroundCompat,google,AndroidForegroundCompat
https://github.com/google/cbortree,google,cbortree
https://github.com/google/experience-accessibility,google,experience-accessibility
https://github.com/google/google-my-business-samples,google,google-my-business-samples
https://github.com/google/android-lint-performance-probe,google,android-lint-performance-probe
https://github.com/google/live-transcribe-speech-engine,google,live-transcribe-speech-engine
https://github.com/google/java-monitoring-client-library,google,java-monitoring-client-library
https://github.com/google/sa360-webquery-bigquery,google,sa360-webquery-bigquery
https://github.com/google/connectedappssdk,google,connectedappssdk
https://github.com/google/guava-beta-checker,google,guava-beta-checker
https://github.com/google/jse4conf,google,jse4conf
https://github.com/google/jsinterop-annotations,google,jsinterop-annotations
https://github.com/google/dicomproxy,google,dicomproxy
https://github.com/google/osdetector-gradle-plugin,google,osdetector-gradle-plugin
https://github.com/google/gulava,google,gulava
https://github.com/google/schemaorg-java,google,schemaorg-java
https://github.com/google/tinkCryptoHelper,google,tinkCryptoHelper
https://github.com/google/android-arscblamer,google,android-arscblamer
https://github.com/google/gke-auditor,google,gke-auditor
https://github.com/google/robotstxt-spec-test,google,robotstxt-spec-test
https://github.com/google/robotstxt-java,google,robotstxt-java
https://github.com/google/zero-touch-reseller-tool,google,zero-touch-reseller-tool
https://github.com/google/ukey2,google,ukey2
https://github.com/google/creatine-ads-inspector,google,creatine-ads-inspector
https://github.com/google/framecount-colorbars-v1,google,framecount-colorbars-v1
https://github.com/google/samba-documents-provider,google,samba-documents-provider
https://github.com/google/wycheproof,google,wycheproof
https://github.com/google/infra-structured-map,google,infra-structured-map
https://github.com/google/certificate-transparency-java,google,certificate-transparency-java
https://github.com/google/zetasketch,google,zetasketch
https://github.com/google/android-kerberos-authenticator,google,android-kerberos-authenticator
https://github.com/google/openjdk-kerberos,google,openjdk-kerberos
https://github.com/google/kiwi-solver,google,kiwi-solver
https://github.com/google/sha1dc-jni,google,sha1dc-jni
https://github.com/google/pjflate,google,pjflate
https://github.com/google/agera,google,agera
https://github.com/google/vr180,google,vr180
https://github.com/google/cordova-plugin-browsertab,google,cordova-plugin-browsertab
https://github.com/google/supl-client,google,supl-client
https://github.com/google/capillary,google,capillary
https://github.com/google/protobuf-dt,google,protobuf-dt
https://github.com/google/helloargdx,google,helloargdx
https://github.com/google/walt,google,walt
https://github.com/google/rally,google,rally
https://github.com/google/YetAnotherChatApp,google,YetAnotherChatApp
https://github.com/google/pinotify,google,pinotify
https://github.com/google/devicehub,google,devicehub
https://github.com/google/keytransparency-java,google,keytransparency-java
https://github.com/google/codeu_coding_assessment_b_2017,google,codeu_coding_assessment_b_2017
https://github.com/google/testrunner-rosemary,google,testrunner-rosemary
https://github.com/google/spline,google,spline
https://github.com/google/easybundler,google,easybundler
https://github.com/google/codeu_coding_assessment_2017,google,codeu_coding_assessment_2017
https://github.com/google/dart2java,google,dart2java
https://github.com/google/reagera,google,reagera
https://github.com/google/opentest4j,google,opentest4j
https://github.com/google/retrofit,google,retrofit
https://github.com/JetBrains/JetBrainsRuntime,JetBrains,JetBrainsRuntime
https://github.com/JetBrains/teamcity-rest,JetBrains,teamcity-rest
https://github.com/JetBrains/teamcity-aws-core-plugin,JetBrains,teamcity-aws-core-plugin
https://github.com/JetBrains/teamcity-git,JetBrains,teamcity-git
https://github.com/JetBrains/jcef,JetBrains,jcef
https://github.com/JetBrains/androidx,JetBrains,androidx
https://github.com/JetBrains/azure-tools-for-intellij,JetBrains,azure-tools-for-intellij
https://github.com/JetBrains/intellij-sdk-code-samples,JetBrains,intellij-sdk-code-samples
https://github.com/JetBrains/phpstorm-psalm-plugin,JetBrains,phpstorm-psalm-plugin
https://github.com/JetBrains/arend-lib,JetBrains,arend-lib
https://github.com/JetBrains/teamcity-rest-codegen,JetBrains,teamcity-rest-codegen
https://github.com/JetBrains/attachme,JetBrains,attachme
https://github.com/JetBrains/intellij-deps-jdi,JetBrains,intellij-deps-jdi
https://github.com/JetBrains/teamcity-github-issues,JetBrains,teamcity-github-issues
https://github.com/JetBrains/teamcity-bitbucket-issues,JetBrains,teamcity-bitbucket-issues
https://github.com/JetBrains/coverage-report,JetBrains,coverage-report
https://github.com/JetBrains/teamcity-webhooks,JetBrains,teamcity-webhooks
https://github.com/JetBrains/teamcity-agent-info,JetBrains,teamcity-agent-info
https://github.com/JetBrains/phpstorm-phpstan-plugin,JetBrains,phpstorm-phpstan-plugin
https://github.com/JetBrains/teamcity-runas-plugin,JetBrains,teamcity-runas-plugin
https://github.com/JetBrains/teamcity-fxcop,JetBrains,teamcity-fxcop
https://github.com/JetBrains/java-annotations,JetBrains,java-annotations
https://github.com/JetBrains/bazel-bsp,JetBrains,bazel-bsp
https://github.com/JetBrains/skija,JetBrains,skija
https://github.com/JetBrains/intellij-deps-asm,JetBrains,intellij-deps-asm
https://github.com/JetBrains/idea-gradle-jps-build-app,JetBrains,idea-gradle-jps-build-app
https://github.com/JetBrains/teamcity-github-auth,JetBrains,teamcity-github-auth
https://github.com/JetBrains/clearcase,JetBrains,clearcase
https://github.com/JetBrains/teamcity-shared-resources,JetBrains,teamcity-shared-resources
https://github.com/JetBrains/intellij-deps-jna,JetBrains,intellij-deps-jna
https://github.com/JetBrains/teamcity-usage-statistics,JetBrains,teamcity-usage-statistics
https://github.com/JetBrains/spotbugs-intellij-plugin,JetBrains,spotbugs-intellij-plugin
https://github.com/JetBrains/teamcity-queue-pauser,JetBrains,teamcity-queue-pauser
https://github.com/JetBrains/jsign,JetBrains,jsign
https://github.com/JetBrains/CodeIgniter-phpstorm-plugin,JetBrains,CodeIgniter-phpstorm-plugin
https://github.com/JetBrains/team-explorer-everywhere,JetBrains,team-explorer-everywhere
https://github.com/JetBrains/teamcity-sakura-ui-plugins,JetBrains,teamcity-sakura-ui-plugins
https://github.com/JetBrains/java-mission-control,JetBrains,java-mission-control
https://github.com/JetBrains/teamcity-gradle,JetBrains,teamcity-gradle
https://github.com/JetBrains/hawtio,JetBrains,hawtio
https://github.com/JetBrains/univocity-parsers,JetBrains,univocity-parsers
https://github.com/JetBrains/intellij-deps-ssh-nio-fs,JetBrains,intellij-deps-ssh-nio-fs
https://github.com/JetBrains/teamcity-google-tag-manager-plugin,JetBrains,teamcity-google-tag-manager-plugin
https://github.com/JetBrains/teamcity-aws-codedeploy-plugin,JetBrains,teamcity-aws-codedeploy-plugin
https://github.com/JetBrains/TeamCity.StaticUIExtensions,JetBrains,TeamCity.StaticUIExtensions
https://github.com/JetBrains/doclava-mirror,JetBrains,doclava-mirror
https://github.com/JetBrains/intellij-deps-dbus-java,JetBrains,intellij-deps-dbus-java
https://github.com/JetBrains/teamcity-xml-tests-reporting,JetBrains,teamcity-xml-tests-reporting
https://github.com/JetBrains/vss,JetBrains,vss
https://github.com/JetBrains/intellij-deps-fastutil,JetBrains,intellij-deps-fastutil
https://github.com/JetBrains/ion-java,JetBrains,ion-java
https://github.com/JetBrains/intellij-obsolete-plugins,JetBrains,intellij-obsolete-plugins
https://github.com/JetBrains/jdk8u_jdk,JetBrains,jdk8u_jdk
https://github.com/JetBrains/scenebuilder,JetBrains,scenebuilder
https://github.com/JetBrains/batik,JetBrains,batik
https://github.com/JetBrains/teamcity-clearcase,JetBrains,teamcity-clearcase
https://github.com/JetBrains/teamcity-aws-codepipeline-plugin,JetBrains,teamcity-aws-codepipeline-plugin
https://github.com/JetBrains/teamcity-sysinfo-plugin,JetBrains,teamcity-sysinfo-plugin
https://github.com/JetBrains/teamcity-swabra,JetBrains,teamcity-swabra
https://github.com/JetBrains/yavijava,JetBrains,yavijava
https://github.com/JetBrains/marketplace-makemecoffee-plugin,JetBrains,marketplace-makemecoffee-plugin
https://github.com/JetBrains/xstream,JetBrains,xstream
https://github.com/JetBrains/sisu.inject,JetBrains,sisu.inject
https://github.com/JetBrains/projector-markdown-plugin,JetBrains,projector-markdown-plugin
https://github.com/JetBrains/jdk8u_nashorn,JetBrains,jdk8u_nashorn
https://github.com/JetBrains/jdk8u_langtools,JetBrains,jdk8u_langtools
https://github.com/JetBrains/jdk8u_jaxws,JetBrains,jdk8u_jaxws
https://github.com/JetBrains/jdk8u_jaxp,JetBrains,jdk8u_jaxp
https://github.com/JetBrains/jdk8u_corba,JetBrains,jdk8u_corba
https://github.com/JetBrains/intellij-deps-proxy-vole,JetBrains,intellij-deps-proxy-vole
https://github.com/JetBrains/jps-javac-extension,JetBrains,jps-javac-extension
https://github.com/JetBrains/teamcity-agent-state-plugin,JetBrains,teamcity-agent-state-plugin
https://github.com/JetBrains/ij_tutorial_gradle,JetBrains,ij_tutorial_gradle
https://github.com/JetBrains/teamcity-environment-fetcher,JetBrains,teamcity-environment-fetcher
https://github.com/JetBrains/clion-debugger-plugin-stub,JetBrains,clion-debugger-plugin-stub
https://github.com/JetBrains/teamcity-helm-plugin,JetBrains,teamcity-helm-plugin
https://github.com/JetBrains/tfsIntegration,JetBrains,tfsIntegration
https://github.com/JetBrains/jdk8u_tests,JetBrains,jdk8u_tests
https://github.com/JetBrains/lightbeam,JetBrains,lightbeam
https://github.com/JetBrains/vso-httpclient-java,JetBrains,vso-httpclient-java
https://github.com/JetBrains/ReSharperKeymap4IntelliJ,JetBrains,ReSharperKeymap4IntelliJ
https://github.com/JetBrains/netty-socketio,JetBrains,netty-socketio
https://github.com/JetBrains/intellij-deps-HunspellJNA,JetBrains,intellij-deps-HunspellJNA
https://github.com/JetBrains/zendesk-java-client,JetBrains,zendesk-java-client
https://github.com/JetBrains/odata4j,JetBrains,odata4j
https://github.com/JetBrains/teamcity-build-agents-diff,JetBrains,teamcity-build-agents-diff
https://github.com/JetBrains/merge-pull-request-trigger,JetBrains,merge-pull-request-trigger
https://github.com/JetBrains/hsql1,JetBrains,hsql1
https://github.com/JetBrains/kotlin-kythe-plugin,JetBrains,kotlin-kythe-plugin
https://github.com/JetBrains/intellij-ipnb,JetBrains,intellij-ipnb
https://github.com/JetBrains/jackson-databind,JetBrains,jackson-databind
https://github.com/JetBrains/intellij-deps-jflex,JetBrains,intellij-deps-jflex
https://github.com/JetBrains/ttorrent-lib,JetBrains,ttorrent-lib
https://github.com/JetBrains/intellij-deps-jdom,JetBrains,intellij-deps-jdom
https://github.com/JetBrains/intellij-deps-commons-imaging,JetBrains,intellij-deps-commons-imaging
https://github.com/JetBrains/clazz-loaderz,JetBrains,clazz-loaderz
https://github.com/JetBrains/karma-gwt,JetBrains,karma-gwt
https://github.com/mozilla/offline-kws-stt-intent-parsing-android,mozilla,offline-kws-stt-intent-parsing-android
https://github.com/mozilla/voicejam-prototypes,mozilla,voicejam-prototypes
https://github.com/mozilla/smarthome,mozilla,smarthome
https://github.com/mozilla/openhab2-addons,mozilla,openhab2-addons
https://github.com/mozilla/openhab,mozilla,openhab
https://github.com/mozilla/net-speech-api,mozilla,net-speech-api
https://github.com/mozilla/marytts,mozilla,marytts
https://github.com/mozilla/pad,mozilla,pad
https://github.com/mozilla/apk-factory-library,mozilla,apk-factory-library
https://github.com/mozilla/labs-vcap-uaa,mozilla,labs-vcap-uaa
https://github.com/mozilla/labs-vcap-java,mozilla,labs-vcap-java
